{"cameraMode":{"drawMode":0,"name":"Shaded","section":"Shading Mode"},"sceneLighting":true,"audioPlay":false,"sceneViewState":{"showFog":true,"showMaterialUpdate":false,"showSkybox":true,"showFlares":true,"showImageEffects":true,"showParticleSystems":true},"in2DMode":false,"pivot":{"x":0.18797822296619416,"y":0.5033889412879944,"z":0.1043369397521019},"rotation":{"x":0.24332764744758607,"y":0.36362093687057497,"z":-0.09900135546922684,"w":0.8937394618988037},"size":4.396309852600098,"orthographic":false}