{"cameraMode":{"drawMode":0,"name":"Shaded","section":"Shading Mode"},"sceneLighting":false,"audioPlay":false,"sceneViewState":{"showFog":true,"showMaterialUpdate":false,"showSkybox":true,"showFlares":true,"showImageEffects":true,"showParticleSystems":true},"in2DMode":false,"pivot":{"x":0.0,"y":1.6069234609603882,"z":-2.384185791015625e-7},"rotation":{"x":0.24332764744758607,"y":0.36362093687057497,"z":-0.09900135546922684,"w":0.8937394618988037},"size":15.372514724731446,"orthographic":false}