{"cameraMode":{"drawMode":0,"name":"Shaded","section":"Shading Mode"},"sceneLighting":false,"audioPlay":false,"sceneViewState":{"showFog":true,"showMaterialUpdate":false,"showSkybox":true,"showFlares":true,"showImageEffects":true,"showParticleSystems":true},"in2DMode":false,"pivot":{"x":-0.013117127120494843,"y":0.3793751001358032,"z":0.025805465877056123},"rotation":{"x":0.202614888548851,"y":0.455426961183548,"z":-0.1072697788476944,"w":0.8602480888366699},"size":1.7741670608520508,"orthographic":false}